INSERT INTO funcionarios (cpf,nome,registro) VALUES (0975030603, 'Thiago Hernandez', 1),(0559838690, 'Aline Mendes', 2), (1739536370, 'Marcela Lopes', 3),(573859053, 'Gustavo Souza', 4), (262958413, 'Joao Faria', 5), (397648921, 'Giovane Augusto', 6), (593609493, 'Adriana Soares', 7), (1170931591, 'Patricia Alves', 8), (0356378379, 'Marcelo Rodriguez', 9), (467937369, 'Jorge Adriano', 10);
INSERT INTO departamento (registro,nome,localidade) VALUES (1, 'Departamento Administrativo', 'administracaosetor1'), (2, 'Departamento Financeiro', 'financassetor1'), (3, 'Recursos Humanos', 'rhsetor1'), (4, 'Departamento Comercial', 'comerciosetor1'), (5, 'Departamento Operacional', 'operacoessetor1'), (6, 'Departamento Juridico', 'juridicosetor1'), (7, 'Marketing', 'marketingsetor1'), (8, 'Producao', 'producaosetor1'), (9, 'Departamento de Compras', 'comprassetor1'), (10, 'Diretoria', 'diretoria');
INSERT INTO maquina (registro,tipo,localidade) VALUES (1, 'Esteira', 'andarproducao1'), (2, 'Maquina de Solda', 'andarproducao1'), (3, 'Empilhadeira', 'andarproducao1'), (4, 'Gerador', 'andarproducao2'), (5, 'Compressor', 'andarproducao2'), (6, 'Motor Eletrico', 'andarproducao2'), (7, 'Guindaste', 'andarproducao1'), (8, 'Motor de Combustao', 'andarproducao1'), (9, 'Turbina Hidraulica', 'andarproducao3'), (10, 'Fresadora', 'andarproducao3');
INSERT INTO produto (cod,valor,material) VALUES (1, 100, 'ferro'), (2, 300,'aço inoxidavel'), (3, 200,'aço'), (4, 150,'aluminio'), (5,100,'concreto'), (6, 150,'ferro'), (7,500,'titanio'), (8,250,'aço'), (9,'400','niquel'), (10,'300','aluminio');
INSERT INTO categoria (registro,nome,setor) VALUES (1,'metal','mecanica'), (2,'metal','eletrodomestico'), (3,'liga','metalurgica'), (4,'composto','eletrodomestico'), (5,'concreto','construcaocivil'), (6,'metal','metalurgica'), (7,'liga','eletrodomestico'), (8,'metal','siderurgica'), (9,'liga','automovel'), (10,'metal','eletrodomestico');
INSERT INTO distribuidora (cnpj,nome,localidade,contato) VALUES (28871380, 'Junior Atacados', 'Rio de Janeiro', '35683130'), (39155673, 'Cleber Material de Construções', 'São Paulo', '36848947'), (19245620, 'Diamante Tubos', 'São Paulo', '38471794'), (72452840, 'Souza Cimentos', 'Belo Horizonte', '39859753'), (63925135, 'Gersao Madeireira', 'Curitiba', '35629562'), (532975375, 'Tiao Atacados e Materiais de Construção', 'São Paulo', '39526737'), (649536632,'Comercio RJ Casa dos Canos', 'Rio de Janeiro' ,'37313596'), (849526642,'BH Atacados', 'Belo Horizonte', '39356742'), (536727892,'Casa dos Metais PB', 'Pernambuco', '36724591'), (342956251, 'Tigrão Parafusos', 'Florianopolis', '34539135');
INSERT INTO estoque (registro,quantidade,localidade) VALUES (1,200,'Rio de Janeiro'), (2,400,'São Paulo'), (3,150,'Pernambuco'), (4,500,'Rio de Janeiro'), (5,200,'Curitiba'),(6,500,'Florianopolis'),(7,400,'São Paulo'),(8,250,'Rio de Janeiro'), (9,400,'Belo Horizonte'), (10,200,'São Paulo');
INSERT INTO fornecedor (cnpj, nome,localidade,contato) VALUES (35986360, 'Sebrae', 'Alagoas', '34930125'), (24925330, 'Granstoque', 'São Paulo', '39352190'), (65373520, 'Tigre', 'Rio de Janeiro', '31299152'), (82932100, 'Tintas Hyper','Pernambuco','32499159'),(35241921, 'Apolo Equipamentos','São Paulo','39221529'),(17939131, 'Docol Metais Sanitários','Curitiba','31234153'),(45192133, 'Cerâmica Catarata','Rio de Janeiro','34512343'),(23145634,'Precon','São Paulo','34238891'),(34591233,'Irwin Ferramentas','Rio de Janeiro','39451255'),(64592321,'Nortene','Curitiba','33412325');
INSERT INTO loja (cnpj,nome,localidade,contato) VALUES (25911532, 'Leroy Merlin', 'São Paulo', '33213029'), (32457945, 'C&C Casa Construção LTDA', 'São Paulo', '31255343'), (64531255, 'Lojas de Departamento Milium', 'Rio de Janeiro', '35993215'), (75435122, 'Comercial Ivaiporã', 'Ivaiporã', '32441525'), (32142109, 'Loja Elétrica', 'São Paulo', '33125533'), (65391422, 'Irmãos Soares S.A', 'Pernambuco', '31244566'), (96423351, 'Ferreira Costa & Cia LTDA', 'Rio de Janeiro', '39331525'),(53425600, 'Casas da Agua Material e Construção', 'São Paulo', '33159334'), (44516322, 'Tintas Tigrão', 'Curitiba', '31566412'), (24751192, 'Saint-Gobain Distribuidora', 'São Paulo', '35512019');
INSERT INTO revendedor (cnpj,nome,localidade,contato) VALUES (32335166, 'Hayamax', 'Rio de Janeiro', '31995122'), (31335609, 'Gazin', 'São Paulo', '39441500'),(35339100, 'Aldo Energia Solar', 'Pernambuco', '31233100'),(75515900, 'Atacado Barato', 'São Paulo', '35110915'),(31556122, 'Lux Jóias', 'Rio de Janeiro', '31229851'),(38551209, 'Macro Distribuidora', 'São Paulo', '35269125'),(38515391, 'Aliexpress', 'São Paulo', '31235519'),(39512632, 'Ebay', 'Rio de Janeiro', '35170255'),(54156200, 'DH Gate', 'Pernambuco', '33159203'),(43519350, 'Spocket', 'Florianópolis', '32349105');

INSERT INTO trabalha (cpf_funcionario,registro_departamento) VALUES (0975030603,1),(0559838690,3),(1739536370,1),(573859053,4),(262958413,2),(397648921,5),(593609493,5),(1170931591,7),(0356378379,6),(467937369,10);
INSERT INTO opera (cpf_funcionario,registro_maquina) VALUES (0975030603,3),(0559838690,5),(1739536370,6),(573859053,6),(262958413,8),(397648921,9),(593609493,5),(1170931591,2),(0356378379,6),(467937369,3);
INSERT INTO fabrica (registro_maquina,cod_produto) VALUES (1,4), (2,5), (3,8), (4,7), (5,9), (6,4), (7,2), (8,4), (9,9), (10,5);
INSERT INTO possui (cod_produto,registro_categoria) VALUES (1,5), (2,2), (3,1), (4,6), (5,2), (6,9), (7,8), (8,5), (9,3), (10,10);
INSERT INTO fornece (cnpj_fornecedor,cod_produto) VALUES (35986360,3), (24925330,9), (65373520,5), (82932100,2), (35241921,10), (17939131,4), (45192133,1), (23145634,7), (34591233,3), (64592321,5);
INSERT INTO revende (cnpj_revendedor,cod_produto) VALUES (32335166, 5), (31335609, 7), (35339100, 2),(75515900, 10),(31556122, 3), (38551209, 5), (38515391, 2), (39512632, 1), (54156200, 4), (43519350, 6);
INSERT INTO guarda (registro_estoque, cod_produto) VALUES (1,4), (2,3), (3,9), (4,10), (5,2), (6,5), (7,6), (8,1), (9,7), (10,8);
INSERT INTO vende (cnpj_loja, cod_produto) VALUES (25911532, 3), (32457945, 7), (64531255, 2), (75435122, 1), (32142109, 5), (65391422, 4), (96423351, 6),(53425600, 10), (44516322, 9), (24751192, 5);
INSERT INTO distribui (cnpj_distribuidora, cod_produto) VALUES (28871380, 4), (39155673, 2), (19245620, 7), (72452840, 1), (63925135, 3), (532975375, 5), (649536632, 6), (849526642,9), (536727892,10), (342956251, 6);